chunk_size,coreset_factor,repeat_factor,runtime_sec_mean,runtime_sec_std,memory_mean,memory_std,cost_sse_mean,cost_sse_std,quality_mean,quality_std,summary_size_mean,summary_size_std,avg_update_ms_mean,avg_update_ms_std,coreset_per_round_mean,repetitions_mean,ari_mean,nmi_mean
1024,1.0,0.75,1.0092491666655405,0.12563797938821475,21090.666666666668,50.806823688686805,58461.231205461954,1625.0723762131825,0.7468119882803915,0.007968844067638517,239.66666666666666,0.5773502691896278,100.87686666641578,12.562320358908348,3.0,7.0,0.6039067357717998,0.7468119882803915
1024,1.0,1.0,1.1795201999993878,0.1096098546548728,21090.666666666668,50.806823688686805,53447.023134102725,5752.44301472697,0.7526906440277029,0.028178443026182203,239.66666666666666,0.5773502691896278,117.87784333403881,10.963458492734683,3.0,10.0,0.6010609539212809,0.7526906440277029
1024,1.0,1.5,2.348295399999188,0.9967655271007099,21120.0,0.0,58127.982948809426,7572.741942098289,0.7546203013120474,0.010586839458196412,240.0,0.0,234.72463333334113,99.64832068407867,3.0,14.0,0.5967753710608165,0.7546203013120474
1024,1.5,0.75,1.5677829000002628,0.5698795116489431,28130.666666666668,50.806823688687594,73299.14512115075,17357.807487625705,0.7260227775464415,0.06838223070338692,319.6666666666667,0.577350269189634,156.71256000035405,56.954741693921925,4.0,7.0,0.5554896262859853,0.7260227775464415
1024,1.5,1.0,1.6453196000026462,0.1419624510281902,28130.666666666668,50.806823688687594,57582.58720789683,5747.892865356264,0.7443162682421963,0.014976769201745331,319.6666666666667,0.577350269189634,164.45936666762768,14.17177092547451,4.0,10.0,0.5852115334395411,0.7443162682421963
1024,1.5,1.5,2.1916525333338845,0.1341864540265027,28160.0,0.0,59264.657222690854,11289.39163078048,0.7409130162084038,0.04544556653061524,320.0,0.0,219.07439333347915,13.356784269441368,4.0,14.0,0.5952867718526386,0.7409130162084038
1024,2.0,0.75,1.624827633332946,0.3653114499925848,35112.0,0.0,78900.50011484302,13026.577663339043,0.7121435763731089,0.06719092868594541,399.0,0.0,162.42278000039127,36.53797079500052,5.0,7.0,0.5595712488958816,0.7121435763731089
1024,2.0,1.0,2.044234399999065,0.052791201738595785,35141.333333333336,50.806823688687594,60316.84582025118,10251.412394354691,0.739208113131952,0.009858771015185785,399.3333333333333,0.5773502691896216,204.35288333440744,5.263255440035137,5.0,10.0,0.6002247438917627,0.739208113131952
1024,2.0,1.5,2.5374755999970753,0.09450653725511243,35170.666666666664,50.806823688687594,79780.72318708274,23819.73135695137,0.7217549103313733,0.04583037600307997,399.6666666666667,0.5773502691896216,253.69319333306825,9.449231756114761,5.0,14.0,0.5422443914177957,0.7217549103313733
